suspid	srcid	plagtype	GED	Cos	SD	w1	w2	w3	w1j	w2j	w3j	t1	t2	t3	subseq	pairdist	ordering
suspicious-document00008.txt-22	source-document00305.txt-49	summary-obfuscation	0.886290	0.917862	0.200261	0.055556	0.000000	0.000000	0.037037	0.000000	0.000000	0.478873	0.323944	0.136150	0.368098	0.000000	0.000000
suspicious-document00008.txt-23	source-document00305.txt-50	summary-obfuscation	0.712500	0.838310	0.210121	0.142857	0.000000	0.000000	0.095238	0.000000	0.000000	0.450704	0.281690	0.140845	0.378378	0.000000	0.000000
suspicious-document00008.txt-24	source-document00305.txt-51	summary-obfuscation	0.511607	0.852913	0.141770	0.153846	0.000000	0.000000	0.093023	0.000000	0.000000	0.505618	0.342697	0.174157	0.407143	0.971404	0.707107
suspicious-document00008.txt-25	source-document00305.txt-52	summary-obfuscation	0.963333	0.932580	0.219594	0.052632	0.000000	0.000000	0.035714	0.000000	0.000000	0.283186	0.132743	0.026549	0.293333	0.000000	0.000000
suspicious-document00069.txt-27	source-document00075.txt-21	summary-obfuscation	0.648148	0.735180	0.482144	0.200000	0.000000	0.000000	0.136364	0.000000	0.000000	0.583333	0.416667	0.194444	0.367347	0.169174	0.196429
suspicious-document00069.txt-28	source-document00075.txt-22	summary-obfuscation	0.700000	0.816058	0.321465	0.125000	0.000000	0.000000	0.071429	0.000000	0.000000	0.446429	0.276786	0.080357	0.364706	0.000000	0.000000
suspicious-document00069.txt-29	source-document00075.txt-23	summary-obfuscation	0.742857	0.758253	0.309561	0.250000	0.058824	0.000000	0.117647	0.025641	0.000000	0.882353	0.635294	0.352941	0.477064	0.985200	1.000000
suspicious-document00069.txt-30	source-document00075.txt-24	summary-obfuscation	0.720588	0.670017	0.441479	0.189189	0.000000	0.000000	0.137255	0.000000	0.000000	0.464286	0.334821	0.227679	0.351515	0.083554	-0.067420
suspicious-document00170.txt-50	source-document00899.txt-22	summary-obfuscation	0.769167	0.645132	0.311336	0.153846	0.022727	0.000000	0.127660	0.017241	0.000000	0.295833	0.258333	0.183333	0.329114	0.393953	0.342475
suspicious-document00170.txt-51	source-document00899.txt-23	summary-obfuscation	0.651613	0.617267	0.310870	0.187500	0.000000	0.000000	0.127660	0.000000	0.000000	0.453441	0.336032	0.206478	0.394444	0.901960	0.755929
suspicious-document00170.txt-52	source-document00899.txt-24	summary-obfuscation	0.821739	0.662900	0.193276	0.214286	0.000000	0.000000	0.081081	0.000000	0.000000	0.906667	0.720000	0.346667	0.352000	0.975447	1.000000
suspicious-document00170.txt-53	source-document00899.txt-25	summary-obfuscation	0.739063	0.879614	0.274219	0.100000	0.000000	0.000000	0.066667	0.000000	0.000000	0.572727	0.281818	0.154545	0.395480	0.000000	0.000000
suspicious-document00197.txt-78	source-document02183.txt-15	summary-obfuscation	0.844000	0.791107	0.070610	0.107143	0.000000	0.000000	0.083333	0.000000	0.000000	0.252577	0.175258	0.123711	0.266129	-0.334342	NaN
suspicious-document00197.txt-79	source-document02183.txt-16	summary-obfuscation	0.534722	0.581282	0.083242	0.277778	0.055556	0.000000	0.172414	0.029412	0.000000	0.752137	0.547009	0.341880	0.434389	0.806703	0.408248
suspicious-document00197.txt-80	source-document02183.txt-17	summary-obfuscation	0.748485	0.577423	0.335844	0.350000	0.000000	0.000000	0.145833	0.000000	0.000000	0.975207	0.719008	0.438017	0.390935	0.723087	0.391965
suspicious-document00197.txt-81	source-document02183.txt-18	summary-obfuscation	0.673611	0.734316	0.133695	0.214286	0.000000	0.000000	0.100000	0.000000	0.000000	0.932432	0.635135	0.256757	0.402235	0.957186	1.000000
suspicious-document00197.txt-82	source-document02183.txt-19	summary-obfuscation	0.806667	0.938102	0.121212	0.055556	0.000000	0.000000	0.038462	0.000000	0.000000	0.336283	0.176991	0.053097	0.291139	0.000000	0.000000
suspicious-document00220.txt-17	source-document00211.txt-1	summary-obfuscation	0.660714	0.811018	0.330817	0.333333	0.000000	0.000000	0.173913	0.000000	0.000000	0.868852	0.590164	0.327869	0.402685	0.833509	NaN
suspicious-document00220.txt-18	source-document00211.txt-2	summary-obfuscation	0.611667	0.718058	0.352918	0.200000	0.000000	0.000000	0.098039	0.000000	0.000000	0.920863	0.561151	0.302158	0.430303	0.786562	0.801784
suspicious-document00220.txt-19	source-document00211.txt-3	summary-obfuscation	0.492708	0.746454	0.313238	0.500000	0.076923	0.000000	0.184211	0.022222	0.000000	0.956522	0.695652	0.463768	0.363636	0.038922	0.330289
suspicious-document00220.txt-20	source-document00211.txt-4	summary-obfuscation	0.576190	0.777723	0.356175	0.227273	0.000000	0.000000	0.135135	0.000000	0.000000	0.787037	0.500000	0.296296	0.438596	0.156860	0.218218
suspicious-document00220.txt-21	source-document00211.txt-5	summary-obfuscation	0.596154	0.766450	0.304836	0.272727	0.000000	0.000000	0.130435	0.000000	0.000000	0.870370	0.500000	0.314815	0.411765	0.979864	1.000000
suspicious-document00220.txt-22	source-document00211.txt-6	summary-obfuscation	0.764286	0.850929	0.204426	0.200000	0.000000	0.000000	0.076923	0.000000	0.000000	0.924528	0.528302	0.377358	0.408163	0.000000	0.000000
suspicious-document00220.txt-23	source-document00211.txt-7	summary-obfuscation	0.603750	0.711325	0.455647	0.266667	0.000000	0.000000	0.121212	0.000000	0.000000	0.875000	0.579545	0.352273	0.379310	0.582071	0.333333
suspicious-document00237.txt-7	source-document00688.txt-1	summary-obfuscation	0.495588	0.604544	0.163406	0.323529	0.051282	0.026316	0.220000	0.030769	0.015625	0.648780	0.468293	0.380488	0.458101	0.662780	0.577050
suspicious-document00237.txt-8	source-document00688.txt-2	summary-obfuscation	0.725000	0.726696	0.090386	0.307692	0.076923	0.000000	0.111111	0.024390	0.000000	0.925926	0.617284	0.370370	0.370370	0.754668	0.707107
suspicious-document00237.txt-9	source-document00688.txt-3	summary-obfuscation	0.750000	0.894591	0.063741	0.166667	0.000000	0.000000	0.062500	0.000000	0.000000	0.890625	0.625000	0.187500	0.360656	0.000000	0.000000
suspicious-document00237.txt-10	source-document00688.txt-4	summary-obfuscation	1.187500	0.950493	0.091651	0.040000	0.000000	0.000000	0.031250	0.000000	0.000000	0.188235	0.129412	0.047059	0.253659	0.000000	0.000000
suspicious-document00237.txt-11	source-document00688.txt-5	summary-obfuscation	0.758333	0.923304	0.184410	0.100000	0.000000	0.000000	0.043478	0.000000	0.000000	0.681159	0.289855	0.000000	0.385185	0.000000	0.000000
suspicious-document00303.txt-7	source-document01298.txt-1	summary-obfuscation	0.507692	0.348941	0.691945	0.705882	0.473684	0.333333	0.333333	0.214286	0.139535	1.000000	0.917355	0.818182	0.670732	0.868307	0.785884
suspicious-document00303.txt-8	source-document01298.txt-2	summary-obfuscation	0.734821	0.674700	0.584746	0.600000	0.142857	0.000000	0.230769	0.038462	0.000000	0.989011	0.912088	0.802198	0.453988	0.669090	0.718132
suspicious-document00303.txt-9	source-document01298.txt-3	summary-obfuscation	0.832292	0.827708	0.338649	0.363636	0.000000	0.000000	0.102564	0.000000	0.000000	0.929825	0.824561	0.649123	0.336134	0.537564	NaN
suspicious-document00303.txt-10	source-document01298.txt-4	summary-obfuscation	0.945000	0.925464	0.424263	0.166667	0.000000	0.000000	0.046512	0.000000	0.000000	0.870370	0.629630	0.333333	0.248175	0.000000	0.000000
suspicious-document00303.txt-11	source-document01298.txt-5	summary-obfuscation	0.689286	0.826506	0.307386	0.200000	0.000000	0.000000	0.088889	0.000000	0.000000	0.883929	0.616071	0.348214	0.394737	0.667339	0.316228
suspicious-document00303.txt-12	source-document01298.txt-6	summary-obfuscation	0.812500	0.559775	0.304576	0.444444	0.111111	0.000000	0.129032	0.026316	0.000000	1.000000	0.625000	0.416667	0.310680	0.350653	-0.316228
suspicious-document00303.txt-13	source-document01298.txt-7	summary-obfuscation	0.576316	0.852558	0.261347	0.150000	0.000000	0.000000	0.085714	0.000000	0.000000	0.536000	0.336000	0.128000	0.398058	0.999815	1.000000
suspicious-document00362.txt-76	source-document01227.txt-1	summary-obfuscation	0.616912	0.766010	0.237157	0.320000	0.000000	0.000000	0.156863	0.000000	0.000000	0.887417	0.668874	0.536424	0.404313	0.491702	0.435897
suspicious-document00362.txt-77	source-document01227.txt-2	summary-obfuscation	1.119048	0.825922	0.224927	0.333333	0.000000	0.000000	0.076923	0.000000	0.000000	0.921569	0.803922	0.568627	0.283465	0.999739	1.000000
suspicious-document00362.txt-78	source-document01227.txt-3	summary-obfuscation	0.586207	0.742436	0.228814	0.160000	0.000000	0.000000	0.083333	0.000000	0.000000	0.841060	0.549669	0.298013	0.404984	0.848419	0.447214
suspicious-document00362.txt-79	source-document01227.txt-4	summary-obfuscation	0.827174	0.821826	0.490397	0.285714	0.000000	0.000000	0.100000	0.000000	0.000000	0.913043	0.681159	0.391304	0.355731	0.989413	1.000000
suspicious-document00362.txt-80	source-document01227.txt-5	summary-obfuscation	0.718750	0.940765	0.152764	0.133333	0.000000	0.000000	0.068966	0.000000	0.000000	0.717647	0.341176	0.152941	0.376471	0.000000	0.000000
suspicious-document00362.txt-81	source-document01227.txt-6	summary-obfuscation	0.608333	0.836701	0.436559	0.200000	0.000000	0.000000	0.093023	0.000000	0.000000	0.859813	0.560748	0.299065	0.383459	0.843172	0.707107
suspicious-document00472.txt-17	source-document00177.txt-1	summary-obfuscation	0.535714	0.442237	0.399746	0.419355	0.228571	0.200000	0.276596	0.137931	0.118644	0.820755	0.641509	0.547170	0.500000	0.150931	0.370632
suspicious-document00472.txt-18	source-document00177.txt-2	summary-obfuscation	0.722727	0.564714	0.631408	0.400000	0.133333	0.071429	0.125000	0.031746	0.016129	0.987952	0.746988	0.554217	0.327485	0.906649	1.000000
suspicious-document00472.txt-19	source-document00177.txt-3	summary-obfuscation	0.544737	0.680495	0.731061	0.260870	0.080000	0.041667	0.206897	0.057143	0.029412	0.472000	0.272000	0.192000	0.414894	0.677011	0.288675
suspicious-document00472.txt-20	source-document00177.txt-4	summary-obfuscation	0.695652	0.745075	0.448311	0.222222	0.000000	0.000000	0.100000	0.000000	0.000000	0.950000	0.587500	0.312500	0.358333	0.629420	0.500000
suspicious-document00472.txt-21	source-document00177.txt-5	summary-obfuscation	0.627586	0.874608	0.202338	0.190476	0.000000	0.000000	0.086957	0.000000	0.000000	0.893443	0.598361	0.270492	0.374150	0.976606	0.707107
suspicious-document00508.txt-28	source-document00327.txt-1	summary-obfuscation	0.422059	0.486217	0.525018	0.366667	0.085714	0.029412	0.234043	0.046875	0.015625	0.786802	0.568528	0.436548	0.508108	0.594073	0.369347
suspicious-document00508.txt-29	source-document00327.txt-2	summary-obfuscation	0.680303	0.775101	0.448088	0.222222	0.000000	0.000000	0.083333	0.000000	0.000000	0.953704	0.666667	0.407407	0.391691	0.373842	0.333333
suspicious-document00508.txt-30	source-document00327.txt-3	summary-obfuscation	0.617647	0.751854	0.506530	0.363636	0.000000	0.000000	0.142857	0.000000	0.000000	0.884058	0.623188	0.333333	0.361702	0.953266	0.707107
suspicious-document00508.txt-31	source-document00327.txt-4	summary-obfuscation	0.645455	0.883665	0.326876	0.230769	0.000000	0.000000	0.083333	0.000000	0.000000	0.905405	0.621622	0.378378	0.386792	0.931553	1.000000
suspicious-document00508.txt-32	source-document00327.txt-5	summary-obfuscation	0.761111	0.733783	0.347412	0.160000	0.000000	0.000000	0.105263	0.000000	0.000000	0.340541	0.248649	0.086486	0.325397	0.769167	0.316228
suspicious-document00616.txt-106	source-document02311.txt-9	summary-obfuscation	0.717105	0.956147	0.183441	0.076923	0.000000	0.000000	0.030303	0.000000	0.000000	0.846154	0.423077	0.166667	0.377551	0.000000	0.000000
suspicious-document00616.txt-107	source-document02311.txt-10	summary-obfuscation	0.675000	0.696954	0.163203	0.428571	0.000000	0.000000	0.166667	0.000000	0.000000	0.820513	0.487179	0.282051	0.317757	0.921551	0.500000
suspicious-document00616.txt-108	source-document02311.txt-11	summary-obfuscation	0.505952	0.450830	0.473637	0.314286	0.048780	0.023256	0.203704	0.027027	0.012987	0.643443	0.491803	0.303279	0.446602	0.864081	0.701879
suspicious-document00616.txt-109	source-document02311.txt-12	summary-obfuscation	0.804054	0.638216	0.264026	0.333333	0.058824	0.000000	0.094340	0.014286	0.000000	0.927835	0.690722	0.443299	0.327366	0.315324	-0.218218
suspicious-document00616.txt-110	source-document02311.txt-13	summary-obfuscation	0.529545	0.509010	0.265791	0.260870	0.000000	0.000000	0.133333	0.000000	0.000000	0.917197	0.662420	0.496815	0.412869	0.167509	0.218218
suspicious-document00627.txt-8	source-document01106.txt-1	summary-obfuscation	0.679808	0.827071	0.555841	0.263158	0.052632	0.000000	0.116279	0.020408	0.000000	0.914530	0.632479	0.444444	0.367347	0.983600	1.000000
suspicious-document00627.txt-9	source-document01106.txt-2	summary-obfuscation	0.656897	0.751318	0.434213	0.250000	0.000000	0.000000	0.139535	0.000000	0.000000	0.771605	0.475309	0.265432	0.428115	0.420660	0.272166
suspicious-document00627.txt-10	source-document01106.txt-3	summary-obfuscation	1.011250	0.893400	0.332313	0.250000	0.000000	0.000000	0.060606	0.000000	0.000000	1.000000	0.675000	0.275000	0.252336	0.000000	0.000000
suspicious-document00627.txt-11	source-document01106.txt-4	summary-obfuscation	0.810000	0.886933	0.271958	0.136364	0.000000	0.000000	0.066667	0.000000	0.000000	0.915888	0.588785	0.271028	0.355987	0.997822	1.000000
suspicious-document00627.txt-12	source-document01106.txt-5	summary-obfuscation	0.888889	0.901942	0.279859	0.100000	0.000000	0.000000	0.058824	0.000000	0.000000	0.507692	0.307692	0.092308	0.342857	0.000000	0.000000
suspicious-document00627.txt-13	source-document01106.txt-6	summary-obfuscation	1.054545	0.892010	0.259648	0.285714	0.000000	0.000000	0.055556	0.000000	0.000000	0.906977	0.651163	0.325581	0.262712	0.000000	0.000000
suspicious-document00627.txt-14	source-document01106.txt-7	summary-obfuscation	0.861957	0.829749	0.364652	0.250000	0.000000	0.000000	0.078947	0.000000	0.000000	0.911765	0.705882	0.352941	0.327869	0.998998	1.000000
suspicious-document00627.txt-15	source-document01106.txt-8	summary-obfuscation	1.114286	0.922848	0.109462	0.125000	0.000000	0.000000	0.035714	0.000000	0.000000	0.942857	0.542857	0.085714	0.289474	0.000000	0.000000
suspicious-document00675.txt-24	source-document02739.txt-1	summary-obfuscation	0.307692	0.285258	0.929663	0.708333	0.500000	0.347826	0.515152	0.315789	0.200000	0.935484	0.862903	0.782258	0.666667	0.989861	1.000000
suspicious-document00675.txt-25	source-document02739.txt-2	summary-obfuscation	0.727273	0.958188	0.404923	0.050000	0.000000	0.000000	0.024390	0.000000	0.000000	0.872727	0.518182	0.209091	0.403361	0.000000	0.000000
suspicious-document00675.txt-26	source-document02739.txt-3	summary-obfuscation	0.412500	0.828501	0.148808	0.176471	0.000000	0.000000	0.103448	0.000000	0.000000	0.733333	0.366667	0.144444	0.383721	0.996099	1.000000
suspicious-document00675.txt-27	source-document02739.txt-4	summary-obfuscation	0.850000	0.725279	0.234298	0.307692	0.000000	0.000000	0.102564	0.000000	0.000000	0.948718	0.602564	0.397436	0.340909	0.518716	0.250000
suspicious-document00675.txt-28	source-document02739.txt-5	summary-obfuscation	1.078333	0.783494	0.034110	0.333333	0.000000	0.000000	0.080000	0.000000	0.000000	1.000000	0.750000	0.312500	0.298137	0.000000	0.000000
suspicious-document00675.txt-29	source-document02739.txt-6	summary-obfuscation	0.325000	0.407780	0.651478	0.666667	0.428571	0.230769	0.400000	0.214286	0.103448	0.903614	0.698795	0.650602	0.600000	0.903534	1.000000
suspicious-document00675.txt-30	source-document02739.txt-7	summary-obfuscation	0.750000	0.729969	0.298723	0.357143	0.076923	0.000000	0.138889	0.023256	0.000000	0.962025	0.620253	0.392405	0.383673	0.865404	0.816497
suspicious-document00702.txt-48	source-document00733.txt-1	summary-obfuscation	0.589286	0.424604	0.428314	0.423077	0.214286	0.148148	0.275000	0.122449	0.081633	0.822785	0.715190	0.563291	0.458472	0.234916	0.267615
suspicious-document00702.txt-49	source-document00733.txt-2	summary-obfuscation	0.569444	0.303127	0.711246	0.478261	0.375000	0.347826	0.458333	0.346154	0.320000	0.462585	0.442177	0.442177	0.613953	0.868353	1.000000
suspicious-document00702.txt-50	source-document00733.txt-3	summary-obfuscation	0.665000	0.724759	0.260659	0.187500	0.000000	0.000000	0.120000	0.000000	0.000000	0.444444	0.292929	0.171717	0.428571	0.998854	1.000000
suspicious-document00702.txt-51	source-document00733.txt-4	summary-obfuscation	0.629545	0.780618	0.340532	0.173913	0.000000	0.000000	0.114286	0.000000	0.000000	0.596026	0.364238	0.231788	0.368000	0.981563	1.000000
suspicious-document00702.txt-52	source-document00733.txt-5	summary-obfuscation	0.721667	0.803884	NaN	0.166667	0.000000	0.000000	0.107143	0.000000	0.000000	0.692308	0.450549	0.252747	0.339181	0.661143	NaN
suspicious-document00723.txt-22	source-document01712.txt-48	summary-obfuscation	0.945192	0.873677	0.362914	0.250000	0.000000	0.000000	0.063830	0.000000	0.000000	0.936709	0.784810	0.481013	0.336449	0.852974	0.500000
suspicious-document00723.txt-23	source-document01712.txt-49	summary-obfuscation	0.546154	0.615535	0.129609	0.173913	0.000000	0.000000	0.097561	0.000000	0.000000	0.869863	0.554795	0.308219	0.426667	0.699755	0.447214
suspicious-document00723.txt-24	source-document01712.txt-50	summary-obfuscation	0.861111	0.888197	0.133267	0.100000	0.000000	0.000000	0.058824	0.000000	0.000000	0.430769	0.184615	0.000000	0.316832	0.000000	0.000000
suspicious-document00723.txt-25	source-document01712.txt-51	summary-obfuscation	0.729167	0.919936	0.450044	0.153846	0.000000	0.000000	0.047619	0.000000	0.000000	0.959459	0.662162	0.418919	0.311419	0.000000	0.000000
suspicious-document00723.txt-26	source-document01712.txt-52	summary-obfuscation	0.440217	0.723314	0.252122	0.173913	0.000000	0.000000	0.105263	0.000000	0.000000	0.748148	0.437037	0.185185	0.404669	0.790054	0.500000
suspicious-document00723.txt-27	source-document01712.txt-53	summary-obfuscation	0.597826	0.685730	0.320004	0.222222	0.000000	0.000000	0.153846	0.000000	0.000000	0.669173	0.413534	0.203008	0.398305	-0.080545	-0.200000
suspicious-document00723.txt-28	source-document01712.txt-54	summary-obfuscation	0.888889	0.869880	0.242855	0.250000	0.000000	0.000000	0.071429	0.000000	0.000000	0.888889	0.511111	0.311111	0.300885	0.968486	0.500000
suspicious-document00793.txt-10	source-document00982.txt-51	summary-obfuscation	0.873958	0.708333	0.448621	0.166667	0.000000	0.000000	0.121951	0.000000	0.000000	0.431818	0.306818	0.181818	0.348837	0.387503	0.218218
suspicious-document00793.txt-11	source-document00982.txt-52	summary-obfuscation	0.741176	0.730320	0.334616	0.320000	0.000000	0.000000	0.145455	0.000000	0.000000	0.904000	0.608000	0.384000	0.354354	-0.132495	-0.082690
suspicious-document00793.txt-12	source-document00982.txt-53	summary-obfuscation	1.065625	0.692762	0.314514	0.068182	0.000000	0.000000	0.063830	0.000000	0.000000	0.073314	0.061584	0.049853	0.136612	0.998137	1.000000
suspicious-document01286.txt-25	source-document00759.txt-16	summary-obfuscation	0.479032	0.614878	0.222494	0.346154	0.071429	0.000000	0.195652	0.034483	0.000000	0.947712	0.699346	0.398693	0.414773	0.643097	0.586555
suspicious-document01286.txt-26	source-document00759.txt-17	summary-obfuscation	0.677941	0.733836	0.272159	0.200000	0.000000	0.000000	0.089286	0.000000	0.000000	0.952000	0.696000	0.328000	0.388571	0.514609	0.375000
suspicious-document01286.txt-27	source-document00759.txt-18	summary-obfuscation	0.426923	0.477042	0.177051	0.318182	0.040000	0.000000	0.175000	0.020000	0.000000	0.873134	0.574627	0.365672	0.418440	0.510295	-0.055048
suspicious-document01286.txt-28	source-document00759.txt-19	summary-obfuscation	0.659091	0.874782	0.134305	0.142857	0.000000	0.000000	0.052632	0.000000	0.000000	0.973333	0.640000	0.346667	0.386831	0.000000	0.000000
suspicious-document01286.txt-29	source-document00759.txt-20	summary-obfuscation	0.783333	0.796190	0.197012	0.210526	0.000000	0.000000	0.085106	0.000000	0.000000	0.913043	0.608696	0.243478	0.380368	0.890784	1.000000
suspicious-document01408.txt-23	source-document00822.txt-1	summary-obfuscation	0.623333	0.387628	0.767370	0.888889	0.750000	0.714286	0.363636	0.260870	0.227273	1.000000	0.959184	0.959184	0.540230	0.786642	1.000000
suspicious-document01408.txt-24	source-document00822.txt-2	summary-obfuscation	0.551136	0.588335	0.584396	0.388889	0.000000	0.000000	0.205882	0.000000	0.000000	0.840000	0.590000	0.370000	0.405530	-0.041419	-0.071429
suspicious-document01408.txt-25	source-document00822.txt-3	summary-obfuscation	0.789286	0.953171	0.289515	0.083333	0.000000	0.000000	0.026316	0.000000	0.000000	0.894737	0.701754	0.315789	0.327434	0.000000	0.000000
suspicious-document01408.txt-26	source-document00822.txt-4	summary-obfuscation	0.561364	0.708657	0.565676	0.200000	0.000000	0.000000	0.108108	0.000000	0.000000	0.831858	0.646018	0.398230	0.473469	0.958637	1.000000
suspicious-document01408.txt-27	source-document00822.txt-5	summary-obfuscation	0.695238	0.820279	0.414163	0.250000	0.000000	0.000000	0.090909	0.000000	0.000000	0.892308	0.661538	0.476923	0.398058	0.993789	1.000000
suspicious-document01408.txt-28	source-document00822.txt-6	summary-obfuscation	0.733000	0.890891	0.440195	0.166667	0.000000	0.000000	0.069767	0.000000	0.000000	0.812500	0.491071	0.276786	0.426357	0.985918	0.500000
suspicious-document01408.txt-29	source-document00822.txt-7	summary-obfuscation	0.541250	0.815100	0.266917	0.166667	0.000000	0.000000	0.085714	0.000000	0.000000	0.810127	0.556962	0.278481	0.438503	0.997871	1.000000
suspicious-document01542.txt-48	source-document02775.txt-1	summary-obfuscation	0.604167	0.283911	0.786656	1.000000	0.846154	0.833333	0.433333	0.314286	0.294118	1.000000	0.987500	0.987500	0.586081	0.881431	1.000000
suspicious-document01542.txt-49	source-document02775.txt-2	summary-obfuscation	0.540000	0.769921	0.411562	0.214286	0.000000	0.000000	0.120000	0.000000	0.000000	0.762195	0.469512	0.286585	0.376812	0.772389	0.443203
suspicious-document01542.txt-50	source-document02775.txt-3	summary-obfuscation	0.648077	0.669835	0.379850	0.263158	0.047619	0.000000	0.119048	0.020000	0.000000	0.926230	0.655738	0.426230	0.465753	0.625716	0.534522
suspicious-document01542.txt-51	source-document02775.txt-4	summary-obfuscation	0.511364	0.640000	0.159616	0.263158	0.050000	0.000000	0.138889	0.024390	0.000000	0.814433	0.587629	0.422680	0.382353	0.674602	0.666667
suspicious-document01542.txt-52	source-document02775.txt-5	summary-obfuscation	0.597917	0.522545	0.281748	0.333333	0.000000	0.000000	0.166667	0.000000	0.000000	0.846939	0.571429	0.326531	0.418410	0.861584	0.533002
suspicious-document01542.txt-53	source-document02775.txt-6	summary-obfuscation	0.950000	0.949363	0.079568	0.166667	0.000000	0.000000	0.032258	0.000000	0.000000	1.000000	0.760000	0.280000	0.190476	0.000000	0.000000
suspicious-document01544.txt-93	source-document00386.txt-27	summary-obfuscation	0.478571	0.666667	0.581095	0.266667	0.000000	0.000000	0.173913	0.000000	0.000000	0.546392	0.402062	0.298969	0.397516	0.991701	1.000000
suspicious-document01544.txt-94	source-document00386.txt-28	summary-obfuscation	0.488095	0.540381	0.248269	0.428571	0.125000	0.066667	0.193548	0.051282	0.026316	0.875000	0.613636	0.386364	0.430493	0.214358	0.000000
suspicious-document01544.txt-95	source-document00386.txt-29	summary-obfuscation	0.457143	0.450028	0.368854	0.466667	0.266667	0.214286	0.233333	0.111111	0.085714	0.898876	0.606742	0.382022	0.426667	0.937457	1.000000
suspicious-document01544.txt-96	source-document00386.txt-30	summary-obfuscation	0.536364	0.797223	0.362992	0.250000	0.000000	0.000000	0.105263	0.000000	0.000000	0.967391	0.641304	0.380435	0.354839	0.854562	0.707107
suspicious-document01544.txt-97	source-document00386.txt-31	summary-obfuscation	0.782895	0.721757	0.351781	0.555556	0.000000	0.000000	0.172414	0.000000	0.000000	0.966667	0.766667	0.433333	0.359447	0.949048	0.816497
suspicious-document01544.txt-98	source-document00386.txt-32	summary-obfuscation	0.597727	0.744396	0.408804	0.190476	0.043478	0.000000	0.111111	0.023810	0.000000	0.798387	0.475806	0.298387	0.408000	0.758175	0.707107
suspicious-document01544.txt-99	source-document00386.txt-33	summary-obfuscation	1.060714	0.746454	0.431176	0.400000	0.000000	0.000000	0.080000	0.000000	0.000000	1.000000	0.656250	0.343750	0.255319	0.000000	0.000000
suspicious-document01544.txt-100	source-document00386.txt-34	summary-obfuscation	0.489062	0.777434	0.287429	0.187500	0.000000	0.000000	0.111111	0.000000	0.000000	0.684211	0.378947	0.189474	0.404494	0.945454	0.500000
suspicious-document01628.txt-9	source-document01107.txt-54	summary-obfuscation	0.648000	0.852558	0.272641	0.250000	0.000000	0.000000	0.097561	0.000000	0.000000	0.956044	0.637363	0.329670	0.376812	0.112282	-0.316228
suspicious-document01628.txt-10	source-document01107.txt-55	summary-obfuscation	0.687500	0.650000	0.482762	0.294118	0.000000	0.000000	0.172414	0.000000	0.000000	0.826087	0.521739	0.304348	0.412371	0.261730	0.089087
suspicious-document01628.txt-11	source-document01107.txt-56	summary-obfuscation	0.504545	0.703704	0.415719	0.315789	0.100000	0.052632	0.176471	0.050000	0.025641	0.843478	0.608696	0.313043	0.393305	0.845991	1.000000
suspicious-document01628.txt-12	source-document01107.txt-57	summary-obfuscation	0.864000	0.932733	0.171311	0.117647	0.000000	0.000000	0.046512	0.000000	0.000000	0.873786	0.601942	0.368932	0.379182	0.000000	0.000000
suspicious-document01628.txt-13	source-document01107.txt-58	summary-obfuscation	0.716667	0.865465	0.209238	0.117647	0.000000	0.000000	0.071429	0.000000	0.000000	0.461538	0.182692	0.067308	0.321429	0.000000	0.000000
suspicious-document01628.txt-14	source-document01107.txt-59	summary-obfuscation	0.963158	0.958261	0.376419	0.052632	0.000000	0.000000	0.015625	0.000000	0.000000	0.867257	0.469027	0.203540	0.177706	0.000000	0.000000
suspicious-document01764.txt-17	source-document02438.txt-1	summary-obfuscation	0.383929	0.340620	0.777605	0.562500	0.303030	0.156250	0.486486	0.222222	0.104167	0.680412	0.608247	0.577320	0.656535	0.735891	0.805776
suspicious-document01764.txt-18	source-document02438.txt-2	summary-obfuscation	0.539286	0.818432	0.367857	0.173913	0.000000	0.000000	0.085106	0.000000	0.000000	0.845588	0.500000	0.220588	0.381625	0.570237	0.447214
suspicious-document01764.txt-19	source-document02438.txt-3	summary-obfuscation	0.658333	0.945926	0.131814	0.055556	0.000000	0.000000	0.027778	0.000000	0.000000	0.679245	0.358491	0.132075	0.356436	0.000000	0.000000
suspicious-document01764.txt-20	source-document02438.txt-4	summary-obfuscation	0.809259	0.901616	0.415596	0.086957	0.000000	0.000000	0.050000	0.000000	0.000000	0.592308	0.346154	0.130769	0.385965	0.000000	0.000000
suspicious-document01764.txt-21	source-document02438.txt-5	summary-obfuscation	0.827632	0.742487	0.297174	0.400000	0.000000	0.000000	0.125000	0.000000	0.000000	0.955224	0.776119	0.477612	0.372093	0.932903	1.000000
suspicious-document00061.txt-38	source-document03040.txt-4	no-plagiarism	0.480435	0.685030	0.334707	0.263158	0.000000	0.000000	0.151515	0.000000	0.000000	0.722772	0.475248	0.297030	0.427907	0.589462	0.408248
suspicious-document00061.txt-42	source-document02902.txt-5	no-plagiarism	0.711538	0.928571	0.153486	0.090909	0.000000	0.000000	0.041667	0.000000	0.000000	0.888889	0.481481	0.296296	0.370370	0.000000	0.000000
suspicious-document00061.txt-47	source-document03040.txt-9	no-plagiarism	0.792647	0.945767	0.285107	0.058824	0.000000	0.000000	0.030303	0.000000	0.000000	0.630435	0.217391	0.065217	0.363636	0.000000	0.000000
suspicious-document00024.txt-4	source-document02902.txt-12	no-plagiarism	0.937500	0.759808	0.346832	0.333333	0.000000	0.000000	0.083333	0.000000	0.000000	1.000000	0.790323	0.467742	0.313167	0.826058	1.000000
suspicious-document00024.txt-6	source-document03040.txt-13	no-plagiarism	0.834783	0.854905	0.508591	0.115385	0.000000	0.000000	0.081081	0.000000	0.000000	0.333333	0.248588	0.135593	0.345679	0.943593	0.500000
suspicious-document00533.txt-2	source-document01577.txt-1	no-plagiarism	1.078947	0.835601	0.106984	0.250000	0.000000	0.000000	0.051724	0.000000	0.000000	1.000000	0.779412	0.397059	0.253731	0.935151	1.000000
suspicious-document00533.txt-8	source-document02902.txt-22	no-plagiarism	0.681579	0.705826	0.202394	0.269231	0.000000	0.000000	0.120690	0.000000	0.000000	0.932886	0.711409	0.308725	0.383372	0.540764	0.241209
suspicious-document00024.txt-15	source-document01577.txt-6	no-plagiarism	0.493750	0.799554	0.315211	0.181818	0.000000	0.000000	0.102564	0.000000	0.000000	0.653595	0.366013	0.183007	0.379928	0.813293	1.000000
suspicious-document00700.txt-1	source-document01577.txt-12	no-plagiarism	1.063636	0.890891	NaN	0.250000	0.000000	0.000000	0.047619	0.000000	0.000000	0.733333	0.666667	0.000000	0.098361	0.000000	0.000000
suspicious-document00533.txt-27	source-document02902.txt-26	no-plagiarism	0.607143	0.894591	0.350472	0.071429	0.000000	0.000000	0.042553	0.000000	0.000000	0.701657	0.480663	0.292818	0.397695	0.000000	0.000000
suspicious-document00700.txt-8	source-document01577.txt-23	no-plagiarism	0.942308	0.913289	0.143849	0.052632	0.000000	0.000000	0.040000	0.000000	0.000000	0.245283	0.141509	0.028302	0.281481	0.000000	0.000000
suspicious-document00533.txt-34	source-document01514.txt-28	no-plagiarism	0.834677	0.850000	0.380456	0.200000	0.000000	0.000000	0.080000	0.000000	0.000000	0.842105	0.500000	0.324561	0.400000	0.995969	1.000000
suspicious-document00700.txt-32	source-document01514.txt-30	no-plagiarism	0.505000	0.848477	0.154790	0.214286	0.000000	0.000000	0.083333	0.000000	0.000000	0.790123	0.543210	0.271605	0.376238	0.989743	1.000000
suspicious-document00700.txt-33	source-document01514.txt-32	no-plagiarism	0.696296	0.567986	0.146958	0.294118	0.052632	0.000000	0.128205	0.019608	0.000000	0.917355	0.628099	0.363636	0.392157	0.592384	0.000000
suspicious-document00103.txt-16	source-document01514.txt-38	no-plagiarism	0.536818	0.533654	0.409818	0.200000	0.000000	0.000000	0.129870	0.000000	0.000000	0.645833	0.444444	0.256944	0.382813	0.476281	0.486513
suspicious-document00700.txt-44	source-document01514.txt-49	no-plagiarism	0.595652	0.538407	0.258726	0.312500	0.000000	0.000000	0.156250	0.000000	0.000000	0.893939	0.590909	0.469697	0.414508	0.879688	0.816497
suspicious-document00700.txt-45	source-document01514.txt-56	no-plagiarism	0.614286	0.799554	0.226231	0.181818	0.000000	0.000000	0.080000	0.000000	0.000000	0.855072	0.536232	0.188406	0.493671	0.000000	0.000000
suspicious-document00103.txt-23	source-document01514.txt-57	no-plagiarism	0.780000	0.859512	0.342736	0.125000	0.000000	0.000000	0.052632	0.000000	0.000000	0.924051	0.493671	0.240506	0.380090	0.000000	0.000000
suspicious-document00700.txt-52	source-document01514.txt-69	no-plagiarism	0.793125	0.736883	0.299229	0.285714	0.000000	0.000000	0.064516	0.000000	0.000000	0.939759	0.686747	0.277108	0.252688	0.993290	0.632456
suspicious-document00103.txt-28	source-document01514.txt-72	no-plagiarism	0.586458	0.931401	NaN	0.086957	0.000000	0.000000	0.046512	0.000000	0.000000	0.601563	0.265625	0.078125	0.365217	0.000000	0.000000
suspicious-document01416.txt-1	source-document02424.txt-6	no-plagiarism	0.633333	0.591282	0.364298	0.166667	0.000000	0.000000	0.073171	0.000000	0.000000	0.943775	0.650602	0.425703	0.384106	0.584786	0.071429
suspicious-document01416.txt-2	source-document01514.txt-78	no-plagiarism	0.647561	0.762610	0.378993	0.166667	0.000000	0.000000	0.078125	0.000000	0.000000	0.798851	0.442529	0.224138	0.355438	0.844040	0.500000
suspicious-document01416.txt-11	source-document02424.txt-12	no-plagiarism	0.829412	0.937006	0.269420	0.040000	0.000000	0.000000	0.030303	0.000000	0.000000	0.227586	0.186207	0.075862	0.295082	0.000000	0.000000
suspicious-document01416.txt-14	source-document01514.txt-92	no-plagiarism	0.834375	0.939142	NaN	0.066667	0.000000	0.000000	0.031250	0.000000	0.000000	0.753247	0.402597	0.194805	0.385965	0.000000	0.000000
suspicious-document01416.txt-32	source-document01514.txt-101	no-plagiarism	0.694167	0.783388	0.081519	0.114286	0.000000	0.000000	0.080000	0.000000	0.000000	0.494737	0.321053	0.131579	0.357616	0.874166	0.500000
suspicious-document01783.txt-1	source-document01514.txt-113	no-plagiarism	0.836538	0.920943	NaN	0.058824	0.000000	0.000000	0.041667	0.000000	0.000000	0.366337	0.217822	0.059406	0.323944	0.000000	0.000000
suspicious-document01783.txt-16	source-document00242.txt-6	no-plagiarism	0.913158	0.868441	0.000000	0.200000	0.000000	0.000000	0.066667	0.000000	0.000000	0.812500	0.453125	0.203125	0.345946	0.000000	0.000000
suspicious-document01783.txt-22	source-document00242.txt-17	no-plagiarism	0.671552	0.866844	0.486115	0.107143	0.000000	0.000000	0.061224	0.000000	0.000000	0.685000	0.455000	0.215000	0.414986	-0.066188	NaN
suspicious-document01783.txt-23	source-document01514.txt-115	no-plagiarism	0.457447	0.788234	0.357424	0.222222	0.000000	0.000000	0.101695	0.000000	0.000000	0.868932	0.626214	0.334951	0.371717	0.113036	0.071429
suspicious-document01783.txt-29	source-document01514.txt-116	no-plagiarism	0.631579	0.664590	0.312989	0.142857	0.000000	0.000000	0.066667	0.000000	0.000000	0.865854	0.548780	0.280488	0.342857	0.000000	0.000000
suspicious-document01413.txt-1	source-document01514.txt-132	no-plagiarism	0.912500	0.845697	0.279516	0.333333	0.000000	0.000000	0.068966	0.000000	0.000000	0.900000	0.700000	0.400000	0.246377	0.000000	0.000000
suspicious-document01413.txt-2	source-document01514.txt-133	no-plagiarism	0.644444	0.949748	0.083651	0.066667	0.000000	0.000000	0.030303	0.000000	0.000000	0.643678	0.275862	0.000000	0.375758	0.000000	0.000000
suspicious-document01413.txt-13	source-document01514.txt-135	no-plagiarism	0.727857	0.815440	0.512245	0.178571	0.031250	0.000000	0.094340	0.014925	0.000000	0.768707	0.448980	0.217687	0.368876	0.923722	0.600000
suspicious-document01413.txt-20	source-document01514.txt-140	no-plagiarism	0.584375	0.728036	0.185091	0.166667	0.000000	0.000000	0.107143	0.000000	0.000000	0.479339	0.322314	0.190083	0.402116	0.893843	NaN
suspicious-document01413.txt-21	source-document00345.txt-5	no-plagiarism	0.711250	0.880477	0.246235	0.095238	0.000000	0.000000	0.058824	0.000000	0.000000	0.634328	0.350746	0.186567	0.396694	0.000000	0.000000
suspicious-document01413.txt-29	source-document01514.txt-148	no-plagiarism	0.648077	0.693075	0.499630	0.125000	0.000000	0.000000	0.075000	0.000000	0.000000	0.584795	0.350877	0.140351	0.386207	0.997266	1.000000
suspicious-document01413.txt-33	source-document01514.txt-149	no-plagiarism	0.650000	0.888197	0.254775	0.125000	0.000000	0.000000	0.058824	0.000000	0.000000	0.894737	0.315789	0.105263	0.375000	0.000000	0.000000
suspicious-document01413.txt-37	source-document01514.txt-152	no-plagiarism	0.850000	0.807550	0.706597	0.333333	0.200000	0.000000	0.105263	0.052632	0.000000	0.884615	0.730769	0.576923	0.415094	0.000000	0.000000
suspicious-document01413.txt-41	source-document01514.txt-154	no-plagiarism	0.819444	0.955008	0.440195	0.055556	0.000000	0.000000	0.030303	0.000000	0.000000	0.573770	0.352459	0.139344	0.369668	0.000000	0.000000
suspicious-document01413.txt-44	source-document00345.txt-14	no-plagiarism	0.778571	0.763772	0.293653	0.363636	0.000000	0.000000	0.111111	0.000000	0.000000	0.921569	0.803922	0.411765	0.324074	0.049698	0.250000
suspicious-document01413.txt-64	source-document01514.txt-163	no-plagiarism	0.705556	0.888197	0.247537	0.100000	0.000000	0.000000	0.058824	0.000000	0.000000	0.519231	0.307692	0.115385	0.436782	0.000000	0.000000
suspicious-document01413.txt-71	source-document01514.txt-170	no-plagiarism	0.840789	0.712302	0.477687	0.230769	0.000000	0.000000	0.093750	0.000000	0.000000	0.863014	0.493151	0.328767	0.417112	0.997375	1.000000
suspicious-document01413.txt-92	source-document01514.txt-171	no-plagiarism	0.773333	0.871435	0.182644	0.181818	0.000000	0.000000	0.071429	0.000000	0.000000	0.867925	0.509434	0.207547	0.407643	0.000000	0.000000
suspicious-document01413.txt-93	source-document01514.txt-181	no-plagiarism	0.631818	0.746454	0.151758	0.272727	0.000000	0.000000	0.166667	0.000000	0.000000	0.567164	0.343284	0.164179	0.420168	0.976090	1.000000
suspicious-document01413.txt-94	source-document00345.txt-39	no-plagiarism	0.851190	0.897402	0.395675	0.200000	0.000000	0.000000	0.054054	0.000000	0.000000	0.945455	0.563636	0.236364	0.325359	0.000000	0.000000
suspicious-document01413.txt-110	source-document01514.txt-187	no-plagiarism	0.976515	0.757607	0.260340	0.266667	0.000000	0.000000	0.075472	0.000000	0.000000	1.000000	0.705263	0.431579	0.324468	0.853023	0.316228
suspicious-document00122.txt-2	source-document01514.txt-191	no-plagiarism	0.658824	0.837779	0.359411	0.200000	0.000000	0.000000	0.096774	0.000000	0.000000	0.791667	0.555556	0.194444	0.372671	0.817057	NaN
suspicious-document00122.txt-17	source-document01514.txt-196	no-plagiarism	0.807143	0.634852	0.133097	0.333333	0.000000	0.000000	0.116279	0.000000	0.000000	0.892157	0.607843	0.274510	0.335404	0.488214	0.089087
suspicious-document01413.txt-160	source-document01514.txt-198	no-plagiarism	0.884615	0.925464	0.329392	0.111111	0.000000	0.000000	0.040000	0.000000	0.000000	0.780488	0.463415	0.073171	0.313433	0.000000	0.000000
suspicious-document01413.txt-161	source-document01324.txt-1	no-plagiarism	1.187500	0.776393	0.131243	0.250000	0.000000	0.000000	0.125000	0.000000	0.000000	0.631579	0.421053	0.315789	0.255319	0.000000	0.000000
suspicious-document00122.txt-31	source-document01514.txt-203	no-plagiarism	0.694444	0.673379	0.587614	0.240000	0.000000	0.000000	0.107143	0.000000	0.000000	0.909774	0.616541	0.360902	0.408537	0.836042	0.577350
suspicious-document01413.txt-165	source-document01324.txt-17	no-plagiarism	0.771667	1.000000	0.343673	0.000000	0.000000	0.000000	0.000000	0.000000	0.000000	0.435644	0.227723	0.029703	0.344371	0.000000	0.000000
suspicious-document01413.txt-170	source-document01514.txt-209	no-plagiarism	0.812500	0.756568	NaN	0.266667	0.000000	0.000000	0.137931	0.000000	0.000000	0.810526	0.452632	0.221053	0.379487	0.509971	0.333333
suspicious-document00122.txt-44	source-document01632.txt-6	no-plagiarism	1.023077	1.000000	0.255904	0.000000	0.000000	0.000000	0.000000	0.000000	0.000000	0.238579	0.167513	0.055838	0.240964	0.000000	0.000000
suspicious-document00035.txt-9	source-document01514.txt-226	no-plagiarism	0.600000	0.741801	0.265827	0.266667	0.000000	0.000000	0.148148	0.000000	0.000000	0.670588	0.341176	0.223529	0.377358	0.973101	1.000000
suspicious-document00035.txt-10	source-document01632.txt-18	no-plagiarism	1.000000	0.939807	0.303876	0.031250	0.000000	0.000000	0.027027	0.000000	0.000000	0.120253	0.069620	0.018987	0.157303	0.000000	0.000000
suspicious-document00122.txt-59	source-document01514.txt-227	no-plagiarism	0.723529	0.862060	0.277180	0.142857	0.000000	0.000000	0.070175	0.000000	0.000000	0.831325	0.542169	0.277108	0.403458	0.874717	0.707107
suspicious-document00035.txt-26	source-document01632.txt-20	no-plagiarism	0.645833	1.000000	0.247422	0.000000	0.000000	0.000000	0.000000	0.000000	0.000000	0.506667	0.226667	0.040000	0.322581	0.000000	0.000000
suspicious-document00122.txt-65	source-document01632.txt-23	no-plagiarism	0.715000	0.871612	0.280713	0.133333	0.000000	0.000000	0.097561	0.000000	0.000000	0.387255	0.250000	0.112745	0.361775	0.848051	0.632456
suspicious-document00035.txt-39	source-document01632.txt-43	no-plagiarism	0.604000	0.741268	0.416863	0.120000	0.034483	0.000000	0.078947	0.022222	0.000000	0.621951	0.420732	0.225610	0.385455	0.991157	1.000000
suspicious-document00122.txt-75	source-document01632.txt-45	no-plagiarism	0.783333	1.000000	0.250690	0.000000	0.000000	0.000000	0.000000	0.000000	0.000000	0.490385	0.346154	0.153846	0.387500	0.000000	0.000000
suspicious-document00122.txt-76	source-document01514.txt-242	no-plagiarism	0.588710	0.717471	0.281893	0.153846	0.000000	0.000000	0.078431	0.000000	0.000000	0.794521	0.472603	0.280822	0.400000	0.751576	0.447214
suspicious-document00035.txt-50	source-document01632.txt-49	no-plagiarism	0.845833	0.931188	0.326218	0.090909	0.000000	0.000000	0.043478	0.000000	0.000000	0.798507	0.552239	0.268657	0.336391	0.000000	0.000000
suspicious-document00122.txt-91	source-document01514.txt-248	no-plagiarism	0.659091	0.783975	0.169259	0.125000	0.000000	0.000000	0.088235	0.000000	0.000000	0.456522	0.239130	0.137681	0.367925	0.999580	1.000000
suspicious-document00035.txt-71	source-document01514.txt-253	no-plagiarism	0.804000	0.895994	0.203783	0.086957	0.000000	0.000000	0.045455	0.000000	0.000000	0.729927	0.459854	0.240876	0.394052	0.000000	0.000000
suspicious-document00035.txt-72	source-document01514.txt-254	no-plagiarism	0.796875	0.950310	0.226157	0.083333	0.000000	0.000000	0.037037	0.000000	0.000000	0.853659	0.451220	0.158537	0.389474	0.000000	0.000000
suspicious-document00122.txt-104	source-document01514.txt-255	no-plagiarism	0.631250	0.777723	0.180004	0.150000	0.000000	0.000000	0.083333	0.000000	0.000000	0.755556	0.422222	0.222222	0.402235	-0.029344	NaN
suspicious-document00035.txt-73	source-document01514.txt-257	no-plagiarism	0.892949	0.537427	0.360685	0.061224	0.000000	0.000000	0.050847	0.000000	0.000000	0.190883	0.131054	0.079772	0.229665	0.982712	1.000000
suspicious-document00122.txt-113	source-document01514.txt-265	no-plagiarism	0.726515	0.687998	0.179142	0.131579	0.019608	0.000000	0.113636	0.016667	0.000000	0.214575	0.133603	0.068826	0.250825	0.211965	0.166667
suspicious-document00035.txt-83	source-document01514.txt-273	no-plagiarism	0.568182	0.704561	0.301232	0.200000	0.000000	0.000000	0.117647	0.000000	0.000000	0.673759	0.382979	0.156028	0.386831	0.756763	0.707107
suspicious-document00122.txt-124	source-document01514.txt-274	no-plagiarism	0.525000	0.870359	NaN	0.142857	0.000000	0.000000	0.076923	0.000000	0.000000	0.750000	0.361111	0.166667	0.355263	0.000000	0.000000
suspicious-document00122.txt-125	source-document01514.txt-277	no-plagiarism	0.531250	0.764298	0.252779	0.222222	0.000000	0.000000	0.133333	0.000000	0.000000	0.490566	0.264151	0.075472	0.436782	0.000000	0.000000
suspicious-document00122.txt-129	source-document01514.txt-281	no-plagiarism	0.797414	0.813977	0.165365	0.133333	0.000000	0.000000	0.090909	0.000000	0.000000	0.494565	0.320652	0.179348	0.373702	0.992764	1.000000
suspicious-document00035.txt-100	source-document02555.txt-4	no-plagiarism	0.775000	0.844653	0.097267	0.153846	0.000000	0.000000	0.051282	0.000000	0.000000	0.921875	0.609375	0.296875	0.330579	0.000000	0.000000
suspicious-document00035.txt-101	source-document00495.txt-1	no-plagiarism	1.417857	0.807550	0.000000	0.500000	0.000000	0.000000	0.076923	0.000000	0.000000	1.000000	0.909091	0.545455	0.128655	0.000000	0.000000
suspicious-document00122.txt-134	source-document00495.txt-2	no-plagiarism	0.833088	0.854650	0.378502	0.095238	0.000000	0.000000	0.035088	0.000000	0.000000	0.938144	0.701031	0.371134	0.331461	0.000000	0.000000
suspicious-document00035.txt-108	source-document00495.txt-3	no-plagiarism	0.657143	0.866369	0.126865	0.142857	0.000000	0.000000	0.071429	0.000000	0.000000	0.687500	0.375000	0.187500	0.424242	0.000000	0.000000
suspicious-document01771.txt-5	source-document00495.txt-10	no-plagiarism	0.931818	0.825757	0.334250	0.214286	0.000000	0.000000	0.076923	0.000000	0.000000	0.968750	0.687500	0.437500	0.363636	0.969629	1.000000
suspicious-document01771.txt-15	source-document00495.txt-20	no-plagiarism	0.868125	0.820213	0.230081	0.081633	0.000000	0.000000	0.062500	0.000000	0.000000	0.353474	0.271903	0.163142	0.342984	0.510143	-0.316228
suspicious-document01771.txt-20	source-document03168.txt-1	no-plagiarism	0.695652	0.834252	0.139880	0.200000	0.000000	0.000000	0.117647	0.000000	0.000000	0.776699	0.504854	0.330097	0.396396	0.834217	1.000000
suspicious-document00022.txt-7	source-document03168.txt-5	no-plagiarism	0.667647	0.882149	0.330726	0.095238	0.000000	0.000000	0.064516	0.000000	0.000000	0.410072	0.287770	0.187050	0.386139	0.000000	0.000000
suspicious-document00022.txt-9	source-document02937.txt-4	no-plagiarism	0.627778	0.670459	0.256695	0.166667	0.000000	0.000000	0.088889	0.000000	0.000000	0.759740	0.428571	0.259740	0.418605	0.958168	1.000000
suspicious-document01771.txt-21	source-document00545.txt-9	no-plagiarism	1.062500	0.864667	0.397545	0.083333	0.000000	0.000000	0.062500	0.000000	0.000000	0.250000	0.171642	0.074627	0.268657	0.984182	1.000000
suspicious-document00022.txt-21	source-document00545.txt-13	no-plagiarism	0.783333	0.865160	NaN	0.150000	0.000000	0.000000	0.107143	0.000000	0.000000	0.414634	0.276423	0.113821	0.372881	-0.479505	NaN
suspicious-document00022.txt-25	source-document01436.txt-1	no-plagiarism	0.789583	0.928343	0.370749	0.125000	0.000000	0.000000	0.048780	0.000000	0.000000	0.930233	0.569767	0.151163	0.360000	0.000000	0.000000
suspicious-document01771.txt-26	source-document01436.txt-2	no-plagiarism	0.562791	0.678288	0.210057	0.156250	0.024390	0.000000	0.086207	0.012500	0.000000	0.774336	0.508850	0.225664	0.400000	0.615578	0.500000
suspicious-document01771.txt-28	source-document01575.txt-5	no-plagiarism	0.666667	0.880100	0.338507	0.080000	0.000000	0.000000	0.040816	0.000000	0.000000	0.867133	0.517483	0.195804	0.398792	0.000000	0.000000
suspicious-document00022.txt-33	source-document01575.txt-12	no-plagiarism	0.796875	0.815363	0.326909	0.142857	0.000000	0.000000	0.103448	0.000000	0.000000	0.407692	0.276923	0.153846	0.361702	0.905936	NaN
suspicious-document00584.txt-9	source-document01575.txt-14	no-plagiarism	0.773333	0.875965	0.225178	0.117647	0.000000	0.000000	0.071429	0.000000	0.000000	0.575758	0.383838	0.181818	0.402439	0.000000	0.000000
suspicious-document00584.txt-11	source-document01575.txt-17	no-plagiarism	0.786585	0.482536	0.247966	0.117647	0.000000	0.000000	0.030769	0.000000	0.000000	0.913386	0.645669	0.251969	0.313636	0.000000	0.000000
suspicious-document00584.txt-15	source-document00700.txt-1	no-plagiarism	0.858824	0.954962	0.195462	0.055556	0.000000	0.000000	0.035714	0.000000	0.000000	0.470588	0.323529	0.176471	0.384615	0.000000	0.000000
suspicious-document00584.txt-23	source-document00700.txt-5	no-plagiarism	1.026389	0.882149	0.144094	0.080000	0.000000	0.000000	0.064516	0.000000	0.000000	0.253247	0.168831	0.116883	0.285714	0.000000	0.000000
suspicious-document00763.txt-10	source-document00700.txt-11	no-plagiarism	0.818056	1.000000	0.368046	0.000000	0.000000	0.000000	0.000000	0.000000	0.000000	0.398374	0.235772	0.073171	0.327684	0.000000	0.000000
suspicious-document00763.txt-24	source-document00700.txt-14	no-plagiarism	0.748000	0.963140	0.415771	0.050000	0.000000	0.000000	0.020833	0.000000	0.000000	0.907407	0.583333	0.268519	0.400000	0.000000	0.000000
suspicious-document00045.txt-11	source-document00700.txt-21	no-plagiarism	0.822500	0.898726	0.243624	0.071429	0.000000	0.000000	0.055556	0.000000	0.000000	0.333333	0.163399	0.058824	0.307692	0.000000	0.000000
suspicious-document00045.txt-27	source-document00700.txt-23	no-plagiarism	0.847368	0.848089	0.545559	0.120000	0.000000	0.000000	0.093750	0.000000	0.000000	0.353741	0.244898	0.149660	0.344828	0.999777	1.000000
suspicious-document00045.txt-41	source-document00700.txt-33	no-plagiarism	0.502632	0.766874	0.326478	0.250000	0.000000	0.000000	0.156250	0.000000	0.000000	0.690909	0.427273	0.300000	0.443299	0.448318	0.654654
suspicious-document00045.txt-48	source-document00535.txt-3	no-plagiarism	0.602222	0.601590	0.338359	0.186047	0.000000	0.000000	0.121212	0.000000	0.000000	0.761246	0.491349	0.262976	0.386617	0.310690	0.130919
suspicious-document00940.txt-4	source-document00700.txt-47	no-plagiarism	0.968750	0.870901	0.196181	0.095238	0.000000	0.000000	0.068966	0.000000	0.000000	0.389313	0.274809	0.076336	0.371585	0.000000	0.000000
suspicious-document00940.txt-8	source-document00535.txt-6	no-plagiarism	1.177841	0.925464	0.124977	0.250000	0.000000	0.000000	0.045455	0.000000	0.000000	0.822581	0.661290	0.500000	0.172477	0.965474	1.000000
suspicious-document00940.txt-20	source-document00700.txt-60	no-plagiarism	1.002500	0.630213	0.516952	0.111111	0.000000	0.000000	0.086207	0.000000	0.000000	0.263158	0.201754	0.114035	0.300926	0.722396	0.666667
suspicious-document00940.txt-25	source-document00535.txt-19	no-plagiarism	1.012857	0.894167	0.200309	0.057143	0.000000	0.000000	0.041667	0.000000	0.000000	0.106109	0.054662	0.028939	0.155496	0.000000	0.000000
suspicious-document00940.txt-32	source-document00535.txt-22	no-plagiarism	1.037500	0.925464	NaN	0.041667	0.000000	0.000000	0.035714	0.000000	0.000000	0.124224	0.086957	0.000000	0.152174	0.000000	0.000000
suspicious-document00940.txt-34	source-document00543.txt-1	no-plagiarism	0.933333	1.000000	0.120865	0.000000	0.000000	0.000000	0.000000	0.000000	0.000000	0.650000	0.300000	0.000000	0.276923	0.000000	0.000000
suspicious-document00940.txt-43	source-document00700.txt-71	no-plagiarism	0.815000	0.903270	0.387893	0.090909	0.000000	0.000000	0.062500	0.000000	0.000000	0.484018	0.301370	0.127854	0.367953	0.968578	1.000000
suspicious-document00940.txt-45	source-document00700.txt-77	no-plagiarism	0.941111	0.912012	0.271705	0.050000	0.000000	0.000000	0.035714	0.000000	0.000000	0.290411	0.213699	0.098630	0.295983	0.000000	0.000000
suspicious-document00940.txt-53	source-document02159.txt-1	no-plagiarism	0.422368	0.412228	0.276797	0.259259	0.028571	0.000000	0.140000	0.014286	0.000000	0.826531	0.576531	0.382653	0.450128	0.899091	0.440386
suspicious-document00940.txt-62	source-document00700.txt-84	no-plagiarism	0.573333	0.729631	0.322051	0.153846	0.000000	0.000000	0.076923	0.000000	0.000000	0.763441	0.376344	0.182796	0.415301	0.000000	0.000000
suspicious-document00940.txt-64	source-document00700.txt-88	no-plagiarism	0.795000	0.897938	0.035966	0.083333	0.000000	0.000000	0.052632	0.000000	0.000000	0.426471	0.279412	0.102941	0.415094	0.000000	0.000000
suspicious-document00940.txt-68	source-document00700.txt-89	no-plagiarism	0.993750	0.947871	0.303670	0.125000	0.000000	0.000000	0.029412	0.000000	0.000000	0.916667	0.666667	0.277778	0.264706	0.000000	0.000000
suspicious-document00940.txt-82	source-document02159.txt-8	no-plagiarism	0.958333	0.681489	0.235953	0.285714	0.000000	0.000000	0.080000	0.000000	0.000000	0.846154	0.641026	0.282051	0.282609	0.000000	0.000000
suspicious-document00940.txt-91	source-document00700.txt-91	no-plagiarism	0.616129	0.790641	0.273836	0.161290	0.000000	0.000000	0.106383	0.000000	0.000000	0.526042	0.348958	0.203125	0.387097	0.426707	0.218218
suspicious-document00940.txt-93	source-document02159.txt-14	no-plagiarism	0.658621	0.624722	0.151516	0.138889	0.000000	0.000000	0.106383	0.000000	0.000000	0.379747	0.278481	0.168776	0.342342	0.840594	0.534522
suspicious-document00244.txt-2	source-document02159.txt-15	no-plagiarism	0.972500	0.896858	0.107274	0.074074	0.000000	0.000000	0.060606	0.000000	0.000000	0.206522	0.141304	0.054348	0.243243	0.000000	0.000000
suspicious-document00244.txt-4	source-document02159.txt-41	no-plagiarism	0.507813	0.634218	0.288504	0.161290	0.000000	0.000000	0.106383	0.000000	0.000000	0.617347	0.413265	0.188776	0.390244	0.879516	0.408248
suspicious-document00940.txt-101	source-document00700.txt-120	no-plagiarism	0.573958	0.614114	0.360702	0.266667	0.058824	0.000000	0.117647	0.022989	0.000000	0.949074	0.694444	0.435185	0.399274	0.621860	0.211921
suspicious-document00244.txt-8	source-document00700.txt-123	no-plagiarism	1.207813	1.000000	0.073089	0.000000	0.000000	0.000000	0.000000	0.000000	0.000000	0.050955	0.031847	0.019108	0.058824	0.000000	0.000000
suspicious-document00745.txt-2	source-document02159.txt-49	no-plagiarism	0.687500	0.704344	NaN	0.363636	0.000000	0.000000	0.148148	0.000000	0.000000	0.886792	0.415094	0.226415	0.355263	0.949559	NaN
suspicious-document00745.txt-4	source-document00700.txt-129	no-plagiarism	0.585000	0.820716	0.305534	0.142857	0.000000	0.000000	0.071429	0.000000	0.000000	0.860656	0.532787	0.303279	0.390805	0.980626	1.000000
suspicious-document00244.txt-29	source-document00700.txt-143	no-plagiarism	0.933824	0.944098	0.174573	0.125000	0.000000	0.000000	0.037037	0.000000	0.000000	0.928571	0.500000	0.261905	0.317647	0.000000	0.000000
suspicious-document01026.txt-6	source-document00700.txt-144	no-plagiarism	0.684783	0.929727	0.183876	0.076923	0.000000	0.000000	0.051282	0.000000	0.000000	0.508108	0.340541	0.145946	0.391459	0.000000	0.000000
suspicious-document01026.txt-9	source-document02159.txt-65	no-plagiarism	1.118182	0.941074	0.300356	0.166667	0.000000	0.000000	0.026316	0.000000	0.000000	0.931034	0.655172	0.310345	0.179592	0.000000	0.000000
suspicious-document01467.txt-3	source-document00700.txt-148	no-plagiarism	0.821429	0.866369	NaN	0.125000	0.000000	0.000000	0.071429	0.000000	0.000000	0.675676	0.270270	0.000000	0.345679	0.000000	0.000000
suspicious-document01467.txt-10	source-document02159.txt-68	no-plagiarism	0.690000	0.878732	0.262114	0.117647	0.000000	0.000000	0.071429	0.000000	0.000000	0.767442	0.360465	0.127907	0.392857	0.000000	0.000000
